{
  "project_info": {
    "project_number": "1008227981569",
    "firebase_url": "https://items-planner.firebaseio.com",
    "project_id": "items-planner",
    "storage_bucket": "items-planner.appspot.com"
  },
  "client": [
    {
      "client_info": {
        "mobilesdk_app_id": "1:1008227981569:android:e8b585011d5cd19c",
        "android_client_info": {
          "package_name": "com.example.itemsplanner"
        }
      },
      "oauth_client": [
        {
          "client_id": "1008227981569-ai5k9hlc8iqa6uhvk1hm8929bnao1p8p.apps.googleusercontent.com",
          "client_type": 3
        }
      ],
      "api_key": [
        {
          "current_key": "AIzaSyDJMqDU85C6xPhGVXYzFLGJkAVVu2gWrgk"
        }
      ],
      "services": {
        "appinvite_service": {
          "other_platform_oauth_client": [
            {
              "client_id": "1008227981569-ai5k9hlc8iqa6uhvk1hm8929bnao1p8p.apps.googleusercontent.com",
              "client_type": 3
            }
          ]
        }
      }
    }
  ],
  "configuration_version": "1"
}